F4N1	Environmental
F4N5	Environmental
F5N4	Environmental
F6	Environmental
F8	Environmental
FA1	Environmental
FA2	Environmental
FA3	Environmental
FPS	Environmental
P1	T1_F1_P
P2	T1_F1_P
P3	T1_F1_P
P4	T1_F1_P
P5	T1_F2_N
P6	T1_F2_N
P7	T1_F2_N
P8	T1_F2_N
P9	T1_F3
P10	T1_F3
P11	T1_F3
P12	T1_F3
P13	T1_F4_P
P14	T1_F4_P
P15	T1_F4_P
P16	T1_F4_P
P17	T1_F5_N
P18	T1_F5_N
P19	T1_F5_N
P20	T1_F5_N
P21	T1_F6
P22	T1_F6
P23	T1_F6
P24	T1_F6
P25	T2_F1_P
P26	T2_F1_P
P27	T2_F1_P
P28	T2_F1_P
P29	T2_F2_N
P30	T2_F2_N
P31	T2_F2_N
P32	T2_F2_N
P33	T2_F3
P34	T2_F3
P35	T2_F3
P36	T2_F3
P37	T2_F4_P
P38	T2_F4_P
P39	T2_F4_P
P40	T2_F4_P
P41	T2_F5_N
P42	T2_F5_N
P43	T2_F5_N
P44	T2_F5_N
P45	T2_F6
P46	T2_F6
P47	T2_F6
P48	T2_F6
P49	T3_F1_P
P50	T3_F1_P
P51	T3_F1_P
P52	T3_F1_P
P53	T3_F2_N
P54	T3_F2_N
P55	T3_F2_N
P56	T3_F2_N
P57	T3_F3
P58	T3_F3
P59	T3_F3
P60	T3_F3
P61	T3_F4_P
P62	T3_F4_P
P63	T3_F4_P
P64	T3_F4_P
P65	T3_F5_N
P66	T3_F5_N
P67	T3_F5_N
P68	T3_F5_N
P69	T3_F6
P70	T3_F6
P71	T3_F6
P72	T3_F6
